<RUN>
  <ITERATION value="0">
    <CONVERGENCE value="100" />
    <INVALID_PITS value="98" />
    <AVERAGE_FTNS value="2.56633869679" />
    <FAULT_PITS value="0" />
  </ITERATION>
  <ITERATION value="1">
    <CONVERGENCE value="100" />
    <INVALID_PITS value="98" />
    <AVERAGE_FTNS value="2.39629030997" />
    <FAULT_PITS value="0" />
  </ITERATION>
  <ITERATION value="2">
    <CONVERGENCE value="100" />
    <INVALID_PITS value="97" />
    <AVERAGE_FTNS value="2.46186022348333" />
    <FAULT_PITS value="0" />
  </ITERATION>
  <ITERATION value="3">
    <CONVERGENCE value="100" />
    <INVALID_PITS value="96" />
    <AVERAGE_FTNS value="2.5125887086325" />
    <FAULT_PITS value="0" />
  </ITERATION>
  <ITERATION value="4">
    <CONVERGENCE value="100" />
    <INVALID_PITS value="95" />
    <AVERAGE_FTNS value="3.016903226604" />
    <FAULT_PITS value="1" />
  </ITERATION>
  <ITERATION value="5">
    <CONVERGENCE value="100" />
    <INVALID_PITS value="97" />
    <AVERAGE_FTNS value="2.48852685959" />
    <FAULT_PITS value="0" />
  </ITERATION>
  <ITERATION value="6">
    <CONVERGENCE value="100" />
    <INVALID_PITS value="93" />
    <AVERAGE_FTNS value="2.52390322487429" />
    <FAULT_PITS value="0" />
  </ITERATION>
  <ITERATION value="7">
    <CONVERGENCE value="100" />
    <INVALID_PITS value="93" />
    <AVERAGE_FTNS value="2.56999538351429" />
    <FAULT_PITS value="0" />
  </ITERATION>
  <ITERATION value="8">
    <CONVERGENCE value="100" />
    <INVALID_PITS value="94" />
    <AVERAGE_FTNS value="2.52349462304" />
    <FAULT_PITS value="0" />
  </ITERATION>
  <ITERATION value="9">
    <CONVERGENCE value="100" />
    <INVALID_PITS value="95" />
    <AVERAGE_FTNS value="2.515045169092" />
    <FAULT_PITS value="0" />
  </ITERATION>
</RUN>